{
    "name": "hlfv1",
    "x-type": "hlfv1",
    "x-commitTimeout": 1000,
    "version": "1.0.0",
    "client": {
        "organization": "Acme",
        "connection": {
            "timeout": {
                "peer": {
                    "endorser": "1000",
                    "eventHub": "1000",
                    "eventReg": "1000"
                },
                "orderer": "1000"
            }
        }
    },
    "channels": {
        "airlinechannel": {
            "orderers": [
                "orderer.acme.com"
            ],
            "peers": {
                "devpeer.acme.com": {}
            }
        }
    },
    "organizations": {
        "Acme": {
            "mspid": "AcmeMSP",
            "peers": [
                "devpeer.acme.com"
            ],
            "certificateAuthorities": [
                "ca.acme.com"
            ]
        }
    },
    "orderers": {
        "orderer.acme.com": {
            "url": "grpc://localhost:7050"
        }
    },
    "peers": {
        "devpeer.acme.com": {
            "url": "grpc://localhost:7051",
            "eventUrl": "grpc://localhost:7053"
        }
    },
    "certificateAuthorities": {
        "ca.acme.com": {
            "url": "http://localhost:7054",
            "caName": "ca.acme.com"
        }
    }
}