{
    "name": "hlfv1",
    "x-type": "hlfv1",
    "x-commitTimeout": 1000,
    "version": "1.0.0",
    "client": {
        "organization": "Acme",
        "connection": {
            "timeout": {
                "peer": {
                    "endorser": "1000",
                    "eventHub": "1000",
                    "eventReg": "1000"
                },
                "orderer": "1000"
            }
        }
    },
    "channels": {
        "airlinechannel": {
            "orderers": [
                "orderer.airline.com"
            ],
            "peers": {
                "acme-peer1": {},
                "acme-peer2": {},
                "budget-peer1": {}
            }
        }
    },
    "organizations": {
        "Acme": {
            "mspid": "AcmeMSP",
            "peers": [
                "acme-peer1"
            ],
            "certificateAuthorities": [
                "ca.server.com"
            ]
        }
    },
    "orderers": {
        "orderer.airline.com": {
            "url": "grpc://localhost:7050"
        }
    },
    "peers": {
        "acme-peer1": {
            "url": "grpc://localhost:7051",
            "eventUrl": "grpc://localhost:7051"
        }
    },
    "certificateAuthorities": {
        "ca.server.com": {
            "caName": "ca.server.com",
            "url": "http://localhost:7054"
        }
    }
}